,seed,cont_forth,noise_var
0,0,400,65
1,1,597,65
2,10,2379,65
3,100,400,65
4,1000,400,65
5,1001,597,65
6,1002,795,65
7,1003,993,65
8,1004,1191,65
9,1005,1389,65
10,1006,1587,65
11,1007,1785,65
12,1008,1983,65
13,1009,2181,65
14,101,597,65
15,1010,2379,65
16,1011,2577,65
17,1012,2775,65
18,1013,2973,65
19,1014,3171,65
20,1015,3369,65
21,1016,3567,65
22,1017,3765,65
23,1018,3963,65
24,1019,4161,65
25,102,795,65
26,1020,4359,65
27,1021,4557,65
28,1022,4755,65
29,1023,4953,65
30,1024,5151,65
31,1025,5349,65
32,1026,5547,65
33,1027,5745,65
34,1028,5943,65
35,1029,6141,65
36,103,993,65
37,1030,6339,65
38,1031,6537,65
39,1032,6735,65
40,1033,6933,65
41,1034,7131,65
42,1035,7329,65
43,1036,7527,65
44,1037,7725,65
45,1038,7923,65
46,1039,8121,65
47,104,1191,65
48,1040,8319,65
49,1041,8517,65
50,1042,8715,65
51,1043,8913,65
52,1044,9111,65
53,1045,9309,65
54,1046,9507,65
55,1047,9705,65
56,1048,9903,65
57,1049,10101,65
58,105,1389,65
59,1050,10298,65
60,1051,10496,65
61,1052,10694,65
62,1053,10892,65
63,1054,11090,65
64,1055,11288,65
65,1056,11486,65
66,1057,11684,65
67,1058,11882,65
68,1059,12080,65
69,106,1587,65
70,1060,12278,65
71,1061,12476,65
72,1062,12674,65
73,1063,12872,65
74,1064,13070,65
75,1065,13268,65
76,1066,13466,65
77,1067,13664,65
78,1068,13862,65
79,1069,14060,65
80,107,1785,65
81,1070,14258,65
82,1071,14456,65
83,1072,14654,65
84,1073,14852,65
85,1074,15050,65
86,1075,15248,65
87,1076,15446,65
88,1077,15644,65
89,1078,15842,65
90,1079,16040,65
91,108,1983,65
92,1080,16238,65
93,1081,16436,65
94,1082,16634,65
95,1083,16832,65
96,1084,17030,65
97,1085,17228,65
98,1086,17426,65
99,1087,17624,65
100,1088,17822,65
101,1089,18020,65
102,109,2181,65
103,1090,18218,65
104,1091,18416,65
105,1092,18614,65
106,1093,18812,65
107,1094,19010,65
108,1095,19208,65
109,1096,19406,65
110,1097,19604,65
111,1098,19802,65
112,1099,20000,65
113,11,2577,65
114,110,2379,65
115,1100,400,65
116,1101,597,65
117,1102,795,65
118,1103,993,65
119,1104,1191,65
120,1105,1389,65
121,1106,1587,65
122,1107,1785,65
123,1108,1983,65
124,1109,2181,65
125,111,2577,65
126,1110,2379,65
127,1111,2577,65
128,1112,2775,65
129,1113,2973,65
130,1114,3171,65
131,1115,3369,65
132,1116,3567,65
133,1117,3765,65
134,1118,3963,65
135,1119,4161,65
136,112,2775,65
137,1120,4359,65
138,1121,4557,65
139,1122,4755,65
140,1123,4953,65
141,1124,5151,65
142,1125,5349,65
143,1126,5547,65
144,1127,5745,65
145,1128,5943,65
146,1129,6141,65
147,113,2973,65
148,1130,6339,65
149,1131,6537,65
150,1132,6735,65
151,1133,6933,65
152,1134,7131,65
153,1135,7329,65
154,1136,7527,65
155,1137,7725,65
156,1138,7923,65
157,1139,8121,65
158,114,3171,65
159,1140,8319,65
160,1141,8517,65
161,1142,8715,65
162,1143,8913,65
163,1144,9111,65
164,1145,9309,65
165,1146,9507,65
166,1147,9705,65
167,1148,9903,65
168,1149,10101,65
169,115,3369,65
170,1150,10298,65
171,1151,10496,65
172,1152,10694,65
173,1153,10892,65
174,1154,11090,65
175,1155,11288,65
176,1156,11486,65
177,1157,11684,65
178,1158,11882,65
179,1159,12080,65
180,116,3567,65
181,1160,12278,65
182,1161,12476,65
183,1162,12674,65
184,1163,12872,65
185,1164,13070,65
186,1165,13268,65
187,1166,13466,65
188,1167,13664,65
189,1168,13862,65
190,1169,14060,65
191,117,3765,65
192,1170,14258,65
193,1171,14456,65
194,1172,14654,65
195,1173,14852,65
196,1174,15050,65
197,1175,15248,65
198,1176,15446,65
199,1177,15644,65
200,1178,15842,65
201,1179,16040,65
202,118,3963,65
203,1180,16238,65
204,1181,16436,65
205,1182,16634,65
206,1183,16832,65
207,1184,17030,65
208,1185,17228,65
209,1186,17426,65
210,1187,17624,65
211,1188,17822,65
212,1189,18020,65
213,119,4161,65
214,1190,18218,65
215,1191,18416,65
216,1192,18614,65
217,1193,18812,65
218,1194,19010,65
219,1195,19208,65
220,1196,19406,65
221,1197,19604,65
222,1198,19802,65
223,1199,20000,65
224,12,2775,65
225,120,4359,65
226,1200,400,65
227,1201,597,65
228,1202,795,65
229,1203,993,65
230,1204,1191,65
231,1205,1389,65
232,1206,1587,65
233,1207,1785,65
234,1208,1983,65
235,1209,2181,65
236,121,4557,65
237,1210,2379,65
238,1211,2577,65
239,1212,2775,65
240,1213,2973,65
241,1214,3171,65
242,1215,3369,65
243,1216,3567,65
244,1217,3765,65
245,1218,3963,65
246,1219,4161,65
247,122,4755,65
248,1220,4359,65
249,1221,4557,65
250,1222,4755,65
251,1223,4953,65
252,1224,5151,65
253,1225,5349,65
254,1226,5547,65
255,1227,5745,65
256,1228,5943,65
257,1229,6141,65
258,123,4953,65
259,1230,6339,65
260,1231,6537,65
261,1232,6735,65
262,1233,6933,65
263,1234,7131,65
264,1235,7329,65
265,1236,7527,65
266,1237,7725,65
267,1238,7923,65
268,1239,8121,65
269,124,5151,65
270,1240,8319,65
271,1241,8517,65
272,1242,8715,65
273,1243,8913,65
274,1244,9111,65
275,1245,9309,65
276,1246,9507,65
277,1247,9705,65
278,1248,9903,65
279,1249,10101,65
280,125,5349,65
281,1250,10298,65
282,1251,10496,65
283,1252,10694,65
284,1253,10892,65
285,1254,11090,65
286,1255,11288,65
287,1256,11486,65
288,1257,11684,65
289,1258,11882,65
290,1259,12080,65
291,126,5547,65
292,1260,12278,65
293,1261,12476,65
294,1262,12674,65
295,1263,12872,65
296,1264,13070,65
297,1265,13268,65
298,1266,13466,65
299,1267,13664,65
300,1268,13862,65
301,1269,14060,65
302,127,5745,65
303,1270,14258,65
304,1271,14456,65
305,1272,14654,65
306,1273,14852,65
307,1274,15050,65
308,1275,15248,65
309,1276,15446,65
310,1277,15644,65
311,1278,15842,65
312,1279,16040,65
313,128,5943,65
314,1280,16238,65
315,1281,16436,65
316,1282,16634,65
317,1283,16832,65
318,1284,17030,65
319,1285,17228,65
320,1286,17426,65
321,1287,17624,65
322,1288,17822,65
323,1289,18020,65
324,129,6141,65
325,1290,18218,65
326,1291,18416,65
327,1292,18614,65
328,1293,18812,65
329,1294,19010,65
330,1295,19208,65
331,1296,19406,65
332,1297,19604,65
333,1298,19802,65
334,1299,20000,65
335,13,2973,65
336,130,6339,65
337,1300,400,65
338,1301,597,65
339,1302,795,65
340,1303,993,65
341,1304,1191,65
342,1305,1389,65
343,1306,1587,65
344,1307,1785,65
345,1308,1983,65
346,1309,2181,65
347,131,6537,65
348,1310,2379,65
349,1311,2577,65
350,1312,2775,65
351,1313,2973,65
352,1314,3171,65
353,1315,3369,65
354,1316,3567,65
355,1317,3765,65
356,1318,3963,65
357,1319,4161,65
358,132,6735,65
359,1320,4359,65
360,1321,4557,65
361,1322,4755,65
362,1323,4953,65
363,1324,5151,65
364,1325,5349,65
365,1326,5547,65
366,1327,5745,65
367,1328,5943,65
368,1329,6141,65
369,133,6933,65
370,1330,6339,65
371,1331,6537,65
372,1332,6735,65
373,1333,6933,65
374,1334,7131,65
375,1335,7329,65
376,1336,7527,65
377,1337,7725,65
378,1338,7923,65
379,1339,8121,65
380,134,7131,65
381,1340,8319,65
382,1341,8517,65
383,1342,8715,65
384,1343,8913,65
385,1344,9111,65
386,1345,9309,65
387,1346,9507,65
388,1347,9705,65
389,1348,9903,65
390,1349,10101,65
391,135,7329,65
392,1350,10298,65
393,1351,10496,65
394,1352,10694,65
395,1353,10892,65
396,1354,11090,65
397,1355,11288,65
398,1356,11486,65
399,1357,11684,65
400,1358,11882,65
401,1359,12080,65
402,136,7527,65
403,1360,12278,65
404,1361,12476,65
405,1362,12674,65
406,1363,12872,65
407,1364,13070,65
408,1365,13268,65
409,1366,13466,65
410,1367,13664,65
411,1368,13862,65
412,1369,14060,65
413,137,7725,65
414,1370,14258,65
415,1371,14456,65
416,1372,14654,65
417,1373,14852,65
418,1374,15050,65
419,1375,15248,65
420,1376,15446,65
421,1377,15644,65
422,1378,15842,65
423,1379,16040,65
424,138,7923,65
425,1380,16238,65
426,1381,16436,65
427,1382,16634,65
428,1383,16832,65
429,1384,17030,65
430,1385,17228,65
431,1386,17426,65
432,1387,17624,65
433,1388,17822,65
434,1389,18020,65
435,139,8121,65
436,1390,18218,65
437,1391,18416,65
438,1392,18614,65
439,1393,18812,65
440,1394,19010,65
441,1395,19208,65
442,1396,19406,65
443,1397,19604,65
444,1398,19802,65
445,1399,20000,65
446,14,3171,65
447,140,8319,65
448,1400,400,65
449,1401,597,65
450,1402,795,65
451,1403,993,65
452,1404,1191,65
453,1405,1389,65
454,1406,1587,65
455,1407,1785,65
456,1408,1983,65
457,1409,2181,65
458,141,8517,65
459,1410,2379,65
460,1411,2577,65
461,1412,2775,65
462,1413,2973,65
463,1414,3171,65
464,1415,3369,65
465,1416,3567,65
466,1417,3765,65
467,1418,3963,65
468,1419,4161,65
469,142,8715,65
470,1420,4359,65
471,1421,4557,65
472,1422,4755,65
473,1423,4953,65
474,1424,5151,65
475,1425,5349,65
476,1426,5547,65
477,1427,5745,65
478,1428,5943,65
479,1429,6141,65
480,143,8913,65
481,1430,6339,65
482,1431,6537,65
483,1432,6735,65
484,1433,6933,65
485,1434,7131,65
486,1435,7329,65
487,1436,7527,65
488,1437,7725,65
489,1438,7923,65
490,1439,8121,65
491,144,9111,65
492,1440,8319,65
493,1441,8517,65
494,1442,8715,65
495,1443,8913,65
496,1444,9111,65
497,1445,9309,65
498,1446,9507,65
499,1447,9705,65
500,1448,9903,65
501,1449,10101,65
502,145,9309,65
503,1450,10298,65
504,1451,10496,65
505,1452,10694,65
506,1453,10892,65
507,1454,11090,65
508,1455,11288,65
509,1456,11486,65
510,1457,11684,65
511,1458,11882,65
512,1459,12080,65
513,146,9507,65
514,1460,12278,65
515,1461,12476,65
516,1462,12674,65
517,1463,12872,65
518,1464,13070,65
519,1465,13268,65
520,1466,13466,65
521,1467,13664,65
522,1468,13862,65
523,1469,14060,65
524,147,9705,65
525,1470,14258,65
526,1471,14456,65
527,1472,14654,65
528,1473,14852,65
529,1474,15050,65
530,1475,15248,65
531,1476,15446,65
532,1477,15644,65
533,1478,15842,65
534,1479,16040,65
535,148,9903,65
536,1480,16238,65
537,1481,16436,65
538,1482,16634,65
539,1483,16832,65
540,1484,17030,65
541,1485,17228,65
542,1486,17426,65
543,1487,17624,65
544,1488,17822,65
545,1489,18020,65
546,149,10101,65
547,1490,18218,65
548,1491,18416,65
549,1492,18614,65
550,1493,18812,65
551,1494,19010,65
552,1495,19208,65
553,1496,19406,65
554,1497,19604,65
555,1498,19802,65
556,1499,20000,65
557,15,3369,65
558,150,10298,65
559,1500,400,65
560,1501,597,65
561,1502,795,65
562,1503,993,65
563,1504,1191,65
564,1505,1389,65
565,1506,1587,65
566,1507,1785,65
567,1508,1983,65
568,1509,2181,65
569,151,10496,65
570,1510,2379,65
571,1511,2577,65
572,1512,2775,65
573,1513,2973,65
574,1514,3171,65
575,1515,3369,65
576,1516,3567,65
577,1517,3765,65
578,1518,3963,65
579,1519,4161,65
580,152,10694,65
581,1520,4359,65
582,1521,4557,65
583,1522,4755,65
584,1523,4953,65
585,1524,5151,65
586,1525,5349,65
587,1526,5547,65
588,1527,5745,65
589,1528,5943,65
590,1529,6141,65
591,153,10892,65
592,1530,6339,65
593,1531,6537,65
594,1532,6735,65
595,1533,6933,65
596,1534,7131,65
597,1535,7329,65
598,1536,7527,65
599,1537,7725,65
600,1538,7923,65
601,1539,8121,65
602,154,11090,65
603,1540,8319,65
604,1541,8517,65
605,1542,8715,65
606,1543,8913,65
607,1544,9111,65
608,1545,9309,65
609,1546,9507,65
610,1547,9705,65
611,1548,9903,65
612,1549,10101,65
613,155,11288,65
614,1550,10298,65
615,1551,10496,65
616,1552,10694,65
617,1553,10892,65
618,1554,11090,65
619,1555,11288,65
620,1556,11486,65
621,1557,11684,65
622,1558,11882,65
623,1559,12080,65
624,156,11486,65
625,1560,12278,65
626,1561,12476,65
627,1562,12674,65
628,1563,12872,65
629,1564,13070,65
630,1565,13268,65
631,1566,13466,65
632,1567,13664,65
633,1568,13862,65
634,1569,14060,65
635,157,11684,65
636,1570,14258,65
637,1571,14456,65
638,1572,14654,65
639,1573,14852,65
640,1574,15050,65
641,1575,15248,65
642,1576,15446,65
643,1577,15644,65
644,1578,15842,65
645,1579,16040,65
646,158,11882,65
647,1580,16238,65
648,1581,16436,65
649,1582,16634,65
650,1583,16832,65
651,1584,17030,65
652,1585,17228,65
653,1586,17426,65
654,1587,17624,65
655,1588,17822,65
656,1589,18020,65
657,159,12080,65
658,1590,18218,65
659,1591,18416,65
660,1592,18614,65
661,1593,18812,65
662,1594,19010,65
663,1595,19208,65
664,1596,19406,65
665,1597,19604,65
666,1598,19802,65
667,1599,20000,65
668,16,3567,65
669,160,12278,65
670,1600,400,65
671,1601,597,65
672,1602,795,65
673,1603,993,65
674,1604,1191,65
675,1605,1389,65
676,1606,1587,65
677,1607,1785,65
678,1608,1983,65
679,1609,2181,65
680,161,12476,65
681,1610,2379,65
682,1611,2577,65
683,1612,2775,65
684,1613,2973,65
685,1614,3171,65
686,1615,3369,65
687,1616,3567,65
688,1617,3765,65
689,1618,3963,65
690,1619,4161,65
691,162,12674,65
692,1620,4359,65
693,1621,4557,65
694,1622,4755,65
695,1623,4953,65
696,1624,5151,65
697,1625,5349,65
698,1626,5547,65
699,1627,5745,65
700,1628,5943,65
701,1629,6141,65
702,163,12872,65
703,1630,6339,65
704,1631,6537,65
705,1632,6735,65
706,1633,6933,65
707,1634,7131,65
708,1635,7329,65
709,1636,7527,65
710,1637,7725,65
711,1638,7923,65
712,1639,8121,65
713,164,13070,65
714,1640,8319,65
715,1641,8517,65
716,1642,8715,65
717,1643,8913,65
718,1644,9111,65
719,1645,9309,65
720,1646,9507,65
721,1647,9705,65
722,1648,9903,65
723,1649,10101,65
724,165,13268,65
725,1650,10298,65
726,1651,10496,65
727,1652,10694,65
728,1653,10892,65
729,1654,11090,65
730,1655,11288,65
731,1656,11486,65
732,1657,11684,65
733,1658,11882,65
734,1659,12080,65
735,166,13466,65
736,1660,12278,65
737,1661,12476,65
738,1662,12674,65
739,1663,12872,65
740,1664,13070,65
741,1665,13268,65
742,1666,13466,65
743,1667,13664,65
744,1668,13862,65
745,1669,14060,65
746,167,13664,65
747,1670,14258,65
748,1671,14456,65
749,1672,14654,65
750,1673,14852,65
751,1674,15050,65
752,1675,15248,65
753,1676,15446,65
754,1677,15644,65
755,1678,15842,65
756,1679,16040,65
757,168,13862,65
758,1680,16238,65
759,1681,16436,65
760,1682,16634,65
761,1683,16832,65
762,1684,17030,65
763,1685,17228,65
764,1686,17426,65
765,1687,17624,65
766,1688,17822,65
767,1689,18020,65
768,169,14060,65
769,1690,18218,65
770,1691,18416,65
771,1692,18614,65
772,1693,18812,65
773,1694,19010,65
774,1695,19208,65
775,1696,19406,65
776,1697,19604,65
777,1698,19802,65
778,1699,20000,65
779,17,3765,65
780,170,14258,65
781,1700,400,65
782,1701,597,65
783,1702,795,65
784,1703,993,65
785,1704,1191,65
786,1705,1389,65
787,1706,1587,65
788,1707,1785,65
789,1708,1983,65
790,1709,2181,65
791,171,14456,65
792,1710,2379,65
793,1711,2577,65
794,1712,2775,65
795,1713,2973,65
796,1714,3171,65
797,1715,3369,65
798,1716,3567,65
799,1717,3765,65
800,1718,3963,65
801,1719,4161,65
802,172,14654,65
803,1720,4359,65
804,1721,4557,65
805,1722,4755,65
806,1723,4953,65
807,1724,5151,65
808,1725,5349,65
809,1726,5547,65
810,1727,5745,65
811,1728,5943,65
812,1729,6141,65
813,173,14852,65
814,1730,6339,65
815,1731,6537,65
816,1732,6735,65
817,1733,6933,65
818,1734,7131,65
819,1735,7329,65
820,1736,7527,65
821,1737,7725,65
822,1738,7923,65
823,1739,8121,65
824,174,15050,65
825,1740,8319,65
826,1741,8517,65
827,1742,8715,65
828,1743,8913,65
829,1744,9111,65
830,1745,9309,65
831,1746,9507,65
832,1747,9705,65
833,1748,9903,65
834,1749,10101,65
835,175,15248,65
836,1750,10298,65
837,1751,10496,65
838,1752,10694,65
839,1753,10892,65
840,1754,11090,65
841,1755,11288,65
842,1756,11486,65
843,1757,11684,65
844,1758,11882,65
845,1759,12080,65
846,176,15446,65
847,1760,12278,65
848,1761,12476,65
849,1762,12674,65
850,1763,12872,65
851,1764,13070,65
852,1765,13268,65
853,1766,13466,65
854,1767,13664,65
855,1768,13862,65
856,1769,14060,65
857,177,15644,65
858,1770,14258,65
859,1771,14456,65
860,1772,14654,65
861,1773,14852,65
862,1774,15050,65
863,1775,15248,65
864,1776,15446,65
865,1777,15644,65
866,1778,15842,65
867,1779,16040,65
868,178,15842,65
869,1780,16238,65
870,1781,16436,65
871,1782,16634,65
872,1783,16832,65
873,1784,17030,65
874,1785,17228,65
875,1786,17426,65
876,1787,17624,65
877,1788,17822,65
878,1789,18020,65
879,179,16040,65
880,1790,18218,65
881,1791,18416,65
882,1792,18614,65
883,1793,18812,65
884,1794,19010,65
885,1795,19208,65
886,1796,19406,65
887,1797,19604,65
888,1798,19802,65
889,1799,20000,65
890,18,3963,65
891,180,16238,65
892,1800,400,65
893,1801,597,65
894,1802,795,65
895,1803,993,65
896,1804,1191,65
897,1805,1389,65
898,1806,1587,65
899,1807,1785,65
900,1808,1983,65
901,1809,2181,65
902,181,16436,65
903,1810,2379,65
904,1811,2577,65
905,1812,2775,65
906,1813,2973,65
907,1814,3171,65
908,1815,3369,65
909,1816,3567,65
910,1817,3765,65
911,1818,3963,65
912,1819,4161,65
913,182,16634,65
914,1820,4359,65
915,1821,4557,65
916,1822,4755,65
917,1823,4953,65
918,1824,5151,65
919,1825,5349,65
920,1826,5547,65
921,1827,5745,65
922,1828,5943,65
923,1829,6141,65
924,183,16832,65
925,1830,6339,65
926,1831,6537,65
927,1832,6735,65
928,1833,6933,65
929,1834,7131,65
930,1835,7329,65
931,1836,7527,65
932,1837,7725,65
933,1838,7923,65
934,1839,8121,65
935,184,17030,65
936,1840,8319,65
937,1841,8517,65
938,1842,8715,65
939,1843,8913,65
940,1844,9111,65
941,1845,9309,65
942,1846,9507,65
943,1847,9705,65
944,1848,9903,65
945,1849,10101,65
946,185,17228,65
947,1850,10298,65
948,1851,10496,65
949,1852,10694,65
950,1853,10892,65
951,1854,11090,65
952,1855,11288,65
953,1856,11486,65
954,1857,11684,65
955,1858,11882,65
956,1859,12080,65
957,186,17426,65
958,1860,12278,65
959,1861,12476,65
960,1862,12674,65
961,1863,12872,65
962,1864,13070,65
963,1865,13268,65
964,1866,13466,65
965,1867,13664,65
966,1868,13862,65
967,1869,14060,65
968,187,17624,65
969,1870,14258,65
970,1871,14456,65
971,1872,14654,65
972,1873,14852,65
973,1874,15050,65
974,1875,15248,65
975,1876,15446,65
976,1877,15644,65
977,1878,15842,65
978,1879,16040,65
979,188,17822,65
980,1880,16238,65
981,1881,16436,65
982,1882,16634,65
983,1883,16832,65
984,1884,17030,65
985,1885,17228,65
986,1886,17426,65
987,1887,17624,65
988,1888,17822,65
989,1889,18020,65
990,189,18020,65
991,1890,18218,65
992,1891,18416,65
993,1892,18614,65
994,1893,18812,65
995,1894,19010,65
996,1895,19208,65
997,1896,19406,65
998,1897,19604,65
999,1898,19802,65
1000,1899,20000,65
1001,19,4161,65
1002,190,18218,65
1003,1900,400,65
1004,1901,597,65
1005,1902,795,65
1006,1903,993,65
1007,1904,1191,65
1008,1905,1389,65
1009,1906,1587,65
1010,1907,1785,65
1011,1908,1983,65
1012,1909,2181,65
1013,191,18416,65
1014,1910,2379,65
1015,1911,2577,65
1016,1912,2775,65
1017,1913,2973,65
1018,1914,3171,65
1019,1915,3369,65
1020,1916,3567,65
1021,1917,3765,65
1022,1918,3963,65
1023,1919,4161,65
1024,192,18614,65
1025,1920,4359,65
1026,1921,4557,65
1027,1922,4755,65
1028,1923,4953,65
1029,1924,5151,65
1030,1925,5349,65
1031,1926,5547,65
1032,1927,5745,65
1033,1928,5943,65
1034,1929,6141,65
1035,193,18812,65
1036,1930,6339,65
1037,1931,6537,65
1038,1932,6735,65
1039,1933,6933,65
1040,1934,7131,65
1041,1935,7329,65
1042,1936,7527,65
1043,1937,7725,65
1044,1938,7923,65
1045,1939,8121,65
1046,194,19010,65
1047,1940,8319,65
1048,1941,8517,65
1049,1942,8715,65
1050,1943,8913,65
1051,1944,9111,65
1052,1945,9309,65
1053,1946,9507,65
1054,1947,9705,65
1055,1948,9903,65
1056,1949,10101,65
1057,195,19208,65
1058,1950,10298,65
1059,1951,10496,65
1060,1952,10694,65
1061,1953,10892,65
1062,1954,11090,65
1063,1955,11288,65
1064,1956,11486,65
1065,1957,11684,65
1066,1958,11882,65
1067,1959,12080,65
1068,196,19406,65
1069,1960,12278,65
1070,1961,12476,65
1071,1962,12674,65
1072,1963,12872,65
1073,1964,13070,65
1074,1965,13268,65
1075,1966,13466,65
1076,1967,13664,65
1077,1968,13862,65
1078,1969,14060,65
1079,197,19604,65
1080,1970,14258,65
1081,1971,14456,65
1082,1972,14654,65
1083,1973,14852,65
1084,1974,15050,65
1085,1975,15248,65
1086,1976,15446,65
1087,1977,15644,65
1088,1978,15842,65
1089,1979,16040,65
1090,198,19802,65
1091,1980,16238,65
1092,1981,16436,65
1093,1982,16634,65
1094,1983,16832,65
1095,1984,17030,65
1096,1985,17228,65
1097,1986,17426,65
1098,1987,17624,65
1099,1988,17822,65
1100,1989,18020,65
1101,199,20000,65
1102,1990,18218,65
1103,1991,18416,65
1104,1992,18614,65
1105,1993,18812,65
1106,1994,19010,65
1107,1995,19208,65
1108,1996,19406,65
1109,1997,19604,65
1110,1998,19802,65
1111,1999,20000,65
1112,2,795,65
1113,20,4359,65
1114,200,400,65
1115,2000,400,65
1116,2001,597,65
1117,2002,795,65
1118,2003,993,65
1119,2004,1191,65
1120,2005,1389,65
1121,2006,1587,65
1122,2007,1785,65
1123,2008,1983,65
1124,2009,2181,65
1125,201,597,65
1126,2010,2379,65
1127,2011,2577,65
1128,2012,2775,65
1129,2013,2973,65
1130,2014,3171,65
1131,2015,3369,65
1132,2016,3567,65
1133,2017,3765,65
1134,2018,3963,65
1135,2019,4161,65
1136,202,795,65
1137,2020,4359,65
1138,2021,4557,65
1139,2022,4755,65
1140,2023,4953,65
1141,2024,5151,65
1142,2025,5349,65
1143,2026,5547,65
1144,2027,5745,65
1145,2028,5943,65
1146,2029,6141,65
1147,203,993,65
1148,2030,6339,65
1149,2031,6537,65
1150,2032,6735,65
1151,2033,6933,65
1152,2034,7131,65
1153,2035,7329,65
1154,2036,7527,65
1155,2037,7725,65
1156,2038,7923,65
1157,2039,8121,65
1158,204,1191,65
1159,2040,8319,65
1160,2041,8517,65
1161,2042,8715,65
1162,2043,8913,65
1163,2044,9111,65
1164,2045,9309,65
1165,2046,9507,65
1166,2047,9705,65
1167,2048,9903,65
1168,2049,10101,65
1169,205,1389,65
1170,2050,10298,65
1171,2051,10496,65
1172,2052,10694,65
1173,2053,10892,65
1174,2054,11090,65
1175,2055,11288,65
1176,2056,11486,65
1177,2057,11684,65
1178,2058,11882,65
1179,2059,12080,65
1180,206,1587,65
1181,2060,12278,65
1182,2061,12476,65
1183,2062,12674,65
1184,2063,12872,65
1185,2064,13070,65
1186,2065,13268,65
1187,2066,13466,65
1188,2067,13664,65
1189,2068,13862,65
1190,2069,14060,65
1191,207,1785,65
1192,2070,14258,65
1193,2071,14456,65
1194,2072,14654,65
1195,2073,14852,65
1196,2074,15050,65
1197,2075,15248,65
1198,2076,15446,65
1199,2077,15644,65
1200,2078,15842,65
1201,2079,16040,65
1202,208,1983,65
1203,2080,16238,65
1204,2081,16436,65
1205,2082,16634,65
1206,2083,16832,65
1207,2084,17030,65
1208,2085,17228,65
1209,2086,17426,65
1210,2087,17624,65
1211,2088,17822,65
1212,2089,18020,65
1213,209,2181,65
1214,2090,18218,65
1215,2091,18416,65
1216,2092,18614,65
1217,2093,18812,65
1218,2094,19010,65
1219,2095,19208,65
1220,2096,19406,65
1221,2097,19604,65
1222,2098,19802,65
1223,2099,20000,65
1224,21,4557,65
1225,210,2379,65
1226,2100,400,65
1227,2101,597,65
1228,2102,795,65
1229,2103,993,65
1230,2104,1191,65
1231,2105,1389,65
1232,2106,1587,65
1233,2107,1785,65
1234,2108,1983,65
1235,2109,2181,65
1236,211,2577,65
1237,2110,2379,65
1238,2111,2577,65
1239,2112,2775,65
1240,2113,2973,65
1241,2114,3171,65
1242,2115,3369,65
1243,2116,3567,65
1244,2117,3765,65
1245,2118,3963,65
1246,2119,4161,65
1247,212,2775,65
1248,2120,4359,65
1249,2121,4557,65
1250,2122,4755,65
1251,2123,4953,65
1252,2124,5151,65
1253,2125,5349,65
1254,2126,5547,65
1255,2127,5745,65
1256,2128,5943,65
1257,2129,6141,65
1258,213,2973,65
1259,2130,6339,65
1260,2131,6537,65
1261,2132,6735,65
1262,2133,6933,65
1263,2134,7131,65
1264,2135,7329,65
1265,2136,7527,65
1266,2137,7725,65
1267,2138,7923,65
1268,2139,8121,65
1269,214,3171,65
1270,2140,8319,65
1271,2141,8517,65
1272,2142,8715,65
1273,2143,8913,65
1274,2144,9111,65
1275,2145,9309,65
1276,2146,9507,65
1277,2147,9705,65
1278,2148,9903,65
1279,2149,10101,65
1280,215,3369,65
1281,2150,10298,65
1282,2151,10496,65
1283,2152,10694,65
1284,2153,10892,65
1285,2154,11090,65
1286,2155,11288,65
1287,2156,11486,65
1288,2157,11684,65
1289,2158,11882,65
1290,2159,12080,65
1291,216,3567,65
1292,2160,12278,65
1293,2161,12476,65
1294,2162,12674,65
1295,2163,12872,65
1296,2164,13070,65
1297,2165,13268,65
1298,2166,13466,65
1299,2167,13664,65
1300,2168,13862,65
1301,2169,14060,65
1302,217,3765,65
1303,2170,14258,65
1304,2171,14456,65
1305,2172,14654,65
1306,2173,14852,65
1307,2174,15050,65
1308,2175,15248,65
1309,2176,15446,65
1310,2177,15644,65
1311,2178,15842,65
1312,2179,16040,65
1313,218,3963,65
1314,2180,16238,65
1315,2181,16436,65
1316,2182,16634,65
1317,2183,16832,65
1318,2184,17030,65
1319,2185,17228,65
1320,2186,17426,65
1321,2187,17624,65
1322,2188,17822,65
1323,2189,18020,65
1324,219,4161,65
1325,2190,18218,65
1326,2191,18416,65
1327,2192,18614,65
1328,2193,18812,65
1329,2194,19010,65
1330,2195,19208,65
1331,2196,19406,65
1332,2197,19604,65
1333,2198,19802,65
1334,2199,20000,65
1335,22,4755,65
1336,220,4359,65
1337,2200,400,65
1338,2201,597,65
1339,2202,795,65
1340,2203,993,65
1341,2204,1191,65
1342,2205,1389,65
1343,2206,1587,65
1344,2207,1785,65
1345,2208,1983,65
1346,2209,2181,65
1347,221,4557,65
1348,2210,2379,65
1349,2211,2577,65
1350,2212,2775,65
1351,2213,2973,65
1352,2214,3171,65
1353,2215,3369,65
1354,2216,3567,65
1355,2217,3765,65
1356,2218,3963,65
1357,2219,4161,65
1358,222,4755,65
1359,2220,4359,65
1360,2221,4557,65
1361,2222,4755,65
1362,2223,4953,65
1363,2224,5151,65
1364,2225,5349,65
1365,2226,5547,65
1366,2227,5745,65
1367,2228,5943,65
1368,2229,6141,65
1369,223,4953,65
1370,2230,6339,65
1371,2231,6537,65
1372,2232,6735,65
1373,2233,6933,65
1374,2234,7131,65
1375,2235,7329,65
1376,2236,7527,65
1377,2237,7725,65
1378,2238,7923,65
1379,2239,8121,65
1380,224,5151,65
1381,2240,8319,65
1382,2241,8517,65
1383,2242,8715,65
1384,2243,8913,65
1385,2244,9111,65
1386,2245,9309,65
1387,2246,9507,65
1388,2247,9705,65
1389,2248,9903,65
1390,2249,10101,65
1391,225,5349,65
1392,2250,10298,65
1393,2251,10496,65
1394,2252,10694,65
1395,2253,10892,65
1396,2254,11090,65
1397,2255,11288,65
1398,2256,11486,65
1399,2257,11684,65
1400,2258,11882,65
1401,2259,12080,65
1402,226,5547,65
1403,2260,12278,65
1404,2261,12476,65
1405,2262,12674,65
1406,2263,12872,65
1407,2264,13070,65
1408,2265,13268,65
1409,2266,13466,65
1410,2267,13664,65
1411,2268,13862,65
1412,2269,14060,65
1413,227,5745,65
1414,2270,14258,65
1415,2271,14456,65
1416,2272,14654,65
1417,2273,14852,65
1418,2274,15050,65
1419,2275,15248,65
1420,2276,15446,65
1421,2277,15644,65
1422,2278,15842,65
1423,2279,16040,65
1424,228,5943,65
1425,2280,16238,65
1426,2281,16436,65
1427,2282,16634,65
1428,2283,16832,65
1429,2284,17030,65
1430,2285,17228,65
1431,2286,17426,65
1432,2287,17624,65
1433,2288,17822,65
1434,2289,18020,65
1435,229,6141,65
1436,2290,18218,65
1437,2291,18416,65
1438,2292,18614,65
1439,2293,18812,65
1440,2294,19010,65
1441,2295,19208,65
1442,2296,19406,65
1443,2297,19604,65
1444,2298,19802,65
1445,2299,20000,65
1446,23,4953,65
1447,230,6339,65
1448,2300,400,65
1449,2301,597,65
1450,2302,795,65
1451,2303,993,65
1452,2304,1191,65
1453,2305,1389,65
1454,2306,1587,65
1455,2307,1785,65
1456,2308,1983,65
1457,2309,2181,65
1458,231,6537,65
1459,2310,2379,65
1460,2311,2577,65
1461,2312,2775,65
1462,2313,2973,65
1463,2314,3171,65
1464,2315,3369,65
1465,2316,3567,65
1466,2317,3765,65
1467,2318,3963,65
1468,2319,4161,65
1469,232,6735,65
1470,2320,4359,65
1471,2321,4557,65
1472,2322,4755,65
1473,2323,4953,65
1474,2324,5151,65
1475,2325,5349,65
1476,2326,5547,65
1477,2327,5745,65
1478,2328,5943,65
1479,2329,6141,65
1480,233,6933,65
1481,2330,6339,65
1482,2331,6537,65
1483,2332,6735,65
1484,2333,6933,65
1485,2334,7131,65
1486,2335,7329,65
1487,2336,7527,65
1488,2337,7725,65
1489,2338,7923,65
1490,2339,8121,65
1491,234,7131,65
1492,2340,8319,65
1493,2341,8517,65
1494,2342,8715,65
1495,2343,8913,65
1496,2344,9111,65
1497,2345,9309,65
1498,2346,9507,65
1499,2347,9705,65
1500,2348,9903,65
1501,2349,10101,65
1502,235,7329,65
1503,2350,10298,65
1504,2351,10496,65
1505,2352,10694,65
1506,2353,10892,65
1507,2354,11090,65
1508,2355,11288,65
1509,2356,11486,65
1510,2357,11684,65
1511,2358,11882,65
1512,2359,12080,65
1513,236,7527,65
1514,2360,12278,65
1515,2361,12476,65
1516,2362,12674,65
1517,2363,12872,65
1518,2364,13070,65
1519,2365,13268,65
1520,2366,13466,65
1521,2367,13664,65
1522,2368,13862,65
1523,2369,14060,65
1524,237,7725,65
1525,2370,14258,65
1526,2371,14456,65
1527,2372,14654,65
1528,2373,14852,65
1529,2374,15050,65
1530,2375,15248,65
1531,2376,15446,65
1532,2377,15644,65
1533,2378,15842,65
1534,2379,16040,65
1535,238,7923,65
1536,2380,16238,65
1537,2381,16436,65
1538,2382,16634,65
1539,2383,16832,65
1540,2384,17030,65
1541,2385,17228,65
1542,2386,17426,65
1543,2387,17624,65
1544,2388,17822,65
1545,2389,18020,65
1546,239,8121,65
1547,2390,18218,65
1548,2391,18416,65
1549,2392,18614,65
1550,2393,18812,65
1551,2394,19010,65
1552,2395,19208,65
1553,2396,19406,65
1554,2397,19604,65
1555,2398,19802,65
1556,2399,20000,65
1557,24,5151,65
1558,240,8319,65
1559,2400,400,65
1560,2401,597,65
1561,2402,795,65
1562,2403,993,65
1563,2404,1191,65
1564,2405,1389,65
1565,2406,1587,65
1566,2407,1785,65
1567,2408,1983,65
1568,2409,2181,65
1569,241,8517,65
1570,2410,2379,65
1571,2411,2577,65
1572,2412,2775,65
1573,2413,2973,65
1574,2414,3171,65
1575,2415,3369,65
1576,2416,3567,65
1577,2417,3765,65
1578,2418,3963,65
1579,2419,4161,65
1580,242,8715,65
1581,2420,4359,65
1582,2421,4557,65
1583,2422,4755,65
1584,2423,4953,65
1585,2424,5151,65
1586,2425,5349,65
1587,2426,5547,65
1588,2427,5745,65
1589,2428,5943,65
1590,2429,6141,65
1591,243,8913,65
1592,2430,6339,65
1593,2431,6537,65
1594,2432,6735,65
1595,2433,6933,65
1596,2434,7131,65
1597,2435,7329,65
1598,2436,7527,65
1599,2437,7725,65
1600,2438,7923,65
1601,2439,8121,65
1602,244,9111,65
1603,2440,8319,65
1604,2441,8517,65
1605,2442,8715,65
1606,2443,8913,65
1607,2444,9111,65
1608,2445,9309,65
1609,2446,9507,65
1610,2447,9705,65
1611,2448,9903,65
1612,2449,10101,65
1613,245,9309,65
1614,2450,10298,65
1615,2451,10496,65
1616,2452,10694,65
1617,2453,10892,65
1618,2454,11090,65
1619,2455,11288,65
1620,2456,11486,65
1621,2457,11684,65
1622,2458,11882,65
1623,2459,12080,65
1624,246,9507,65
1625,2460,12278,65
1626,2461,12476,65
1627,2462,12674,65
1628,2463,12872,65
1629,2464,13070,65
1630,2465,13268,65
1631,2466,13466,65
1632,2467,13664,65
1633,2468,13862,65
1634,2469,14060,65
1635,247,9705,65
1636,2470,14258,65
1637,2471,14456,65
1638,2472,14654,65
1639,2473,14852,65
1640,2474,15050,65
1641,2475,15248,65
1642,2476,15446,65
1643,2477,15644,65
1644,2478,15842,65
1645,2479,16040,65
1646,248,9903,65
1647,2480,16238,65
1648,2481,16436,65
1649,2482,16634,65
1650,2483,16832,65
1651,2484,17030,65
1652,2485,17228,65
1653,2486,17426,65
1654,2487,17624,65
1655,2488,17822,65
1656,2489,18020,65
1657,249,10101,65
1658,2490,18218,65
1659,2491,18416,65
1660,2492,18614,65
1661,2493,18812,65
1662,2494,19010,65
1663,2495,19208,65
1664,2496,19406,65
1665,2497,19604,65
1666,2498,19802,65
1667,2499,20000,65
1668,25,5349,65
1669,250,10298,65
1670,2500,400,65
1671,2501,597,65
1672,2502,795,65
1673,2503,993,65
1674,2504,1191,65
1675,2505,1389,65
1676,2506,1587,65
1677,2507,1785,65
1678,2508,1983,65
1679,2509,2181,65
1680,251,10496,65
1681,2510,2379,65
1682,2511,2577,65
1683,2512,2775,65
1684,2513,2973,65
1685,2514,3171,65
1686,2515,3369,65
1687,2516,3567,65
1688,2517,3765,65
1689,2518,3963,65
1690,2519,4161,65
1691,252,10694,65
1692,2520,4359,65
1693,2521,4557,65
1694,2522,4755,65
1695,2523,4953,65
1696,2524,5151,65
1697,2525,5349,65
1698,2526,5547,65
1699,2527,5745,65
1700,2528,5943,65
1701,2529,6141,65
1702,253,10892,65
1703,2530,6339,65
1704,2531,6537,65
1705,2532,6735,65
1706,2533,6933,65
1707,2534,7131,65
1708,2535,7329,65
1709,2536,7527,65
1710,2537,7725,65
1711,2538,7923,65
1712,2539,8121,65
1713,254,11090,65
1714,2540,8319,65
1715,2541,8517,65
1716,2542,8715,65
1717,2543,8913,65
1718,2544,9111,65
1719,2545,9309,65
1720,2546,9507,65
1721,2547,9705,65
1722,2548,9903,65
1723,2549,10101,65
1724,255,11288,65
1725,2550,10298,65
1726,2551,10496,65
1727,2552,10694,65
1728,2553,10892,65
1729,2554,11090,65
1730,2555,11288,65
1731,2556,11486,65
1732,2557,11684,65
1733,2558,11882,65
1734,2559,12080,65
1735,256,11486,65
1736,2560,12278,65
1737,2561,12476,65
1738,2562,12674,65
1739,2563,12872,65
1740,2564,13070,65
1741,2565,13268,65
1742,2566,13466,65
1743,2567,13664,65
1744,2568,13862,65
1745,2569,14060,65
1746,257,11684,65
1747,2570,14258,65
1748,2571,14456,65
1749,2572,14654,65
1750,2573,14852,65
1751,2574,15050,65
1752,2575,15248,65
1753,2576,15446,65
1754,2577,15644,65
1755,2578,15842,65
1756,2579,16040,65
1757,258,11882,65
1758,2580,16238,65
1759,2581,16436,65
1760,2582,16634,65
1761,2583,16832,65
1762,2584,17030,65
1763,2585,17228,65
1764,2586,17426,65
1765,2587,17624,65
1766,2588,17822,65
1767,2589,18020,65
1768,259,12080,65
1769,2590,18218,65
1770,2591,18416,65
1771,2592,18614,65
1772,2593,18812,65
1773,2594,19010,65
1774,2595,19208,65
1775,2596,19406,65
1776,2597,19604,65
1777,2598,19802,65
1778,2599,20000,65
1779,26,5547,65
1780,260,12278,65
1781,2600,400,65
1782,2601,597,65
1783,2602,795,65
1784,2603,993,65
1785,2604,1191,65
1786,2605,1389,65
1787,2606,1587,65
1788,2607,1785,65
1789,2608,1983,65
1790,2609,2181,65
1791,261,12476,65
1792,2610,2379,65
1793,2611,2577,65
1794,2612,2775,65
1795,2613,2973,65
1796,2614,3171,65
1797,2615,3369,65
1798,2616,3567,65
1799,2617,3765,65
1800,2618,3963,65
1801,2619,4161,65
1802,262,12674,65
1803,2620,4359,65
1804,2621,4557,65
1805,2622,4755,65
1806,2623,4953,65
1807,2624,5151,65
1808,2625,5349,65
1809,2626,5547,65
1810,2627,5745,65
1811,2628,5943,65
1812,2629,6141,65
1813,263,12872,65
1814,2630,6339,65
1815,2631,6537,65
1816,2632,6735,65
1817,2633,6933,65
1818,2634,7131,65
1819,2635,7329,65
1820,2636,7527,65
1821,2637,7725,65
1822,2638,7923,65
1823,2639,8121,65
1824,264,13070,65
1825,2640,8319,65
1826,2641,8517,65
1827,2642,8715,65
1828,2643,8913,65
1829,2644,9111,65
1830,2645,9309,65
1831,2646,9507,65
1832,2647,9705,65
1833,2648,9903,65
1834,2649,10101,65
1835,265,13268,65
1836,2650,10298,65
1837,2651,10496,65
1838,2652,10694,65
1839,2653,10892,65
1840,2654,11090,65
1841,2655,11288,65
1842,2656,11486,65
1843,2657,11684,65
1844,2658,11882,65
1845,2659,12080,65
1846,266,13466,65
1847,2660,12278,65
1848,2661,12476,65
1849,2662,12674,65
1850,2663,12872,65
1851,2664,13070,65
1852,2665,13268,65
1853,2666,13466,65
1854,2667,13664,65
1855,2668,13862,65
1856,2669,14060,65
1857,267,13664,65
1858,2670,14258,65
1859,2671,14456,65
1860,2672,14654,65
1861,2673,14852,65
1862,2674,15050,65
1863,2675,15248,65
1864,2676,15446,65
1865,2677,15644,65
1866,2678,15842,65
1867,2679,16040,65
1868,268,13862,65
1869,2680,16238,65
1870,2681,16436,65
1871,2682,16634,65
1872,2683,16832,65
1873,2684,17030,65
1874,2685,17228,65
1875,2686,17426,65
1876,2687,17624,65
1877,2688,17822,65
1878,2689,18020,65
1879,269,14060,65
1880,2690,18218,65
1881,2691,18416,65
1882,2692,18614,65
1883,2693,18812,65
1884,2694,19010,65
1885,2695,19208,65
1886,2696,19406,65
1887,2697,19604,65
1888,2698,19802,65
1889,2699,20000,65
1890,27,5745,65
1891,270,14258,65
1892,2700,400,65
1893,2701,597,65
1894,2702,795,65
1895,2703,993,65
1896,2704,1191,65
1897,2705,1389,65
1898,2706,1587,65
1899,2707,1785,65
1900,2708,1983,65
1901,2709,2181,65
1902,271,14456,65
1903,2710,2379,65
1904,2711,2577,65
1905,2712,2775,65
1906,2713,2973,65
1907,2714,3171,65
1908,2715,3369,65
1909,2716,3567,65
1910,2717,3765,65
1911,2718,3963,65
1912,2719,4161,65
1913,272,14654,65
1914,2720,4359,65
1915,2721,4557,65
1916,2722,4755,65
1917,2723,4953,65
1918,2724,5151,65
1919,2725,5349,65
1920,2726,5547,65
1921,2727,5745,65
1922,2728,5943,65
1923,2729,6141,65
1924,273,14852,65
1925,2730,6339,65
1926,2731,6537,65
1927,2732,6735,65
1928,2733,6933,65
1929,2734,7131,65
1930,2735,7329,65
1931,2736,7527,65
1932,2737,7725,65
1933,2738,7923,65
1934,2739,8121,65
1935,274,15050,65
1936,2740,8319,65
1937,2741,8517,65
1938,2742,8715,65
1939,2743,8913,65
1940,2744,9111,65
1941,2745,9309,65
1942,2746,9507,65
1943,2747,9705,65
1944,2748,9903,65
1945,2749,10101,65
1946,275,15248,65
1947,2750,10298,65
1948,2751,10496,65
1949,2752,10694,65
1950,2753,10892,65
1951,2754,11090,65
1952,2755,11288,65
1953,2756,11486,65
1954,2757,11684,65
1955,2758,11882,65
1956,2759,12080,65
1957,276,15446,65
1958,2760,12278,65
1959,2761,12476,65
1960,2762,12674,65
1961,2763,12872,65
1962,2764,13070,65
1963,2765,13268,65
1964,2766,13466,65
1965,2767,13664,65
1966,2768,13862,65
1967,2769,14060,65
1968,277,15644,65
1969,2770,14258,65
1970,2771,14456,65
1971,2772,14654,65
1972,2773,14852,65
1973,2774,15050,65
1974,2775,15248,65
1975,2776,15446,65
1976,2777,15644,65
1977,2778,15842,65
1978,2779,16040,65
1979,278,15842,65
1980,2780,16238,65
1981,2781,16436,65
1982,2782,16634,65
1983,2783,16832,65
1984,2784,17030,65
1985,2785,17228,65
1986,2786,17426,65
1987,2787,17624,65
1988,2788,17822,65
1989,2789,18020,65
1990,279,16040,65
1991,2790,18218,65
1992,2791,18416,65
1993,2792,18614,65
1994,2793,18812,65
1995,2794,19010,65
1996,2795,19208,65
1997,2796,19406,65
1998,2797,19604,65
1999,2798,19802,65
2000,2799,20000,65
2001,28,5943,65
2002,280,16238,65
2003,2800,400,65
2004,2801,597,65
2005,2802,795,65
2006,2803,993,65
2007,2804,1191,65
2008,2805,1389,65
2009,2806,1587,65
2010,2807,1785,65
2011,2808,1983,65
2012,2809,2181,65
2013,281,16436,65
2014,2810,2379,65
2015,2811,2577,65
2016,2812,2775,65
2017,2813,2973,65
2018,2814,3171,65
2019,2815,3369,65
2020,2816,3567,65
2021,2817,3765,65
2022,2818,3963,65
2023,2819,4161,65
2024,282,16634,65
2025,2820,4359,65
2026,2821,4557,65
2027,2822,4755,65
2028,2823,4953,65
2029,2824,5151,65
2030,2825,5349,65
2031,2826,5547,65
2032,2827,5745,65
2033,2828,5943,65
2034,2829,6141,65
2035,283,16832,65
2036,2830,6339,65
2037,2831,6537,65
2038,2832,6735,65
2039,2833,6933,65
2040,2834,7131,65
2041,2835,7329,65
2042,2836,7527,65
2043,2837,7725,65
2044,2838,7923,65
2045,2839,8121,65
2046,284,17030,65
2047,2840,8319,65
2048,2841,8517,65
2049,2842,8715,65
2050,2843,8913,65
2051,2844,9111,65
2052,2845,9309,65
2053,2846,9507,65
2054,2847,9705,65
2055,2848,9903,65
2056,2849,10101,65
2057,285,17228,65
2058,2850,10298,65
2059,2851,10496,65
2060,2852,10694,65
2061,2853,10892,65
2062,2854,11090,65
2063,2855,11288,65
2064,2856,11486,65
2065,2857,11684,65
2066,2858,11882,65
2067,2859,12080,65
2068,286,17426,65
2069,2860,12278,65
2070,2861,12476,65
2071,2862,12674,65
2072,2863,12872,65
2073,2864,13070,65
2074,2865,13268,65
2075,2866,13466,65
2076,2867,13664,65
2077,2868,13862,65
2078,2869,14060,65
2079,287,17624,65
2080,2870,14258,65
2081,2871,14456,65
2082,2872,14654,65
2083,2873,14852,65
2084,2874,15050,65
2085,2875,15248,65
2086,2876,15446,65
2087,2877,15644,65
2088,2878,15842,65
2089,2879,16040,65
2090,288,17822,65
2091,2880,16238,65
2092,2881,16436,65
2093,2882,16634,65
2094,2883,16832,65
2095,2884,17030,65
2096,2885,17228,65
2097,2886,17426,65
2098,2887,17624,65
2099,2888,17822,65
2100,2889,18020,65
2101,289,18020,65
2102,2890,18218,65
2103,2891,18416,65
2104,2892,18614,65
2105,2894,19010,65
2106,2895,19208,65
2107,2896,19406,65
2108,2897,19604,65
2109,2898,19802,65
2110,2899,20000,65
2111,29,6141,65
2112,290,18218,65
2113,2900,400,65
2114,2901,597,65
2115,2902,795,65
2116,2903,993,65
2117,2904,1191,65
2118,2905,1389,65
2119,2906,1587,65
2120,2907,1785,65
2121,2908,1983,65
2122,2909,2181,65
2123,291,18416,65
2124,2910,2379,65
2125,2911,2577,65
2126,2912,2775,65
2127,2913,2973,65
2128,2914,3171,65
2129,2915,3369,65
2130,2916,3567,65
2131,2917,3765,65
2132,2918,3963,65
2133,2919,4161,65
2134,292,18614,65
2135,2920,4359,65
2136,2921,4557,65
2137,2922,4755,65
2138,2923,4953,65
2139,2924,5151,65
2140,2925,5349,65
2141,2926,5547,65
2142,2927,5745,65
2143,2928,5943,65
2144,2929,6141,65
2145,293,18812,65
2146,2930,6339,65
2147,2931,6537,65
2148,2932,6735,65
2149,2933,6933,65
2150,2934,7131,65
2151,2935,7329,65
2152,2936,7527,65
2153,2937,7725,65
2154,2938,7923,65
2155,2939,8121,65
2156,294,19010,65
2157,2940,8319,65
2158,2941,8517,65
2159,2942,8715,65
2160,2943,8913,65
2161,2944,9111,65
2162,2945,9309,65
2163,2946,9507,65
2164,2947,9705,65
2165,2948,9903,65
2166,2949,10101,65
2167,295,19208,65
2168,2950,10298,65
2169,2951,10496,65
2170,2952,10694,65
2171,2953,10892,65
2172,2954,11090,65
2173,2955,11288,65
2174,2956,11486,65
2175,2957,11684,65
2176,2958,11882,65
2177,2959,12080,65
2178,296,19406,65
2179,2960,12278,65
2180,2961,12476,65
2181,2962,12674,65
2182,2963,12872,65
2183,2964,13070,65
2184,2965,13268,65
2185,2966,13466,65
2186,2967,13664,65
2187,2968,13862,65
2188,297,19604,65
2189,2973,14852,65
2190,2975,15248,65
2191,2976,15446,65
2192,2978,15842,65
2193,2979,16040,65
2194,298,19802,65
2195,2980,16238,65
2196,2981,16436,65
2197,2982,16634,65
2198,2983,16832,65
2199,2984,17030,65
2200,2985,17228,65
2201,2986,17426,65
2202,2987,17624,65
2203,2988,17822,65
2204,2989,18020,65
2205,299,20000,65
2206,2990,18218,65
2207,2991,18416,65
2208,2992,18614,65
2209,2997,19604,65
2210,2998,19802,65
2211,2999,20000,65
2212,3,993,65
2213,30,6339,65
2214,300,400,65
2215,3000,400,65
2216,3002,795,65
2217,3003,993,65
2218,3004,1191,65
2219,3005,1389,65
2220,3009,2181,65
2221,301,597,65
2222,3010,2379,65
2223,3011,2577,65
2224,3012,2775,65
2225,3013,2973,65
2226,3014,3171,65
2227,3015,3369,65
2228,3016,3567,65
2229,3017,3765,65
2230,3018,3963,65
2231,3019,4161,65
2232,302,795,65
2233,3020,4359,65
2234,3021,4557,65
2235,3022,4755,65
2236,3023,4953,65
2237,3024,5151,65
2238,3025,5349,65
2239,3026,5547,65
2240,3027,5745,65
2241,3028,5943,65
2242,3029,6141,65
2243,303,993,65
2244,3030,6339,65
2245,3031,6537,65
2246,3032,6735,65
2247,3033,6933,65
2248,3034,7131,65
2249,3035,7329,65
2250,3036,7527,65
2251,3037,7725,65
2252,3038,7923,65
2253,3039,8121,65
2254,304,1191,65
2255,3040,8319,65
2256,3041,8517,65
2257,305,1389,65
2258,306,1587,65
2259,307,1785,65
2260,308,1983,65
2261,309,2181,65
2262,31,6537,65
2263,310,2379,65
2264,311,2577,65
2265,312,2775,65
2266,313,2973,65
2267,314,3171,65
2268,315,3369,65
2269,316,3567,65
2270,317,3765,65
2271,318,3963,65
2272,319,4161,65
2273,32,6735,65
2274,320,4359,65
2275,321,4557,65
2276,322,4755,65
2277,323,4953,65
2278,324,5151,65
2279,325,5349,65
2280,326,5547,65
2281,327,5745,65
2282,328,5943,65
2283,329,6141,65
2284,33,6933,65
2285,330,6339,65
2286,331,6537,65
2287,332,6735,65
2288,333,6933,65
2289,334,7131,65
2290,335,7329,65
2291,336,7527,65
2292,337,7725,65
2293,338,7923,65
2294,339,8121,65
2295,34,7131,65
2296,340,8319,65
2297,341,8517,65
2298,342,8715,65
2299,343,8913,65
2300,344,9111,65
2301,345,9309,65
2302,346,9507,65
2303,347,9705,65
2304,348,9903,65
2305,349,10101,65
2306,35,7329,65
2307,350,10298,65
2308,351,10496,65
2309,352,10694,65
2310,353,10892,65
2311,354,11090,65
2312,355,11288,65
2313,356,11486,65
2314,357,11684,65
2315,358,11882,65
2316,359,12080,65
2317,36,7527,65
2318,360,12278,65
2319,361,12476,65
2320,362,12674,65
2321,363,12872,65
2322,364,13070,65
2323,365,13268,65
2324,366,13466,65
2325,367,13664,65
2326,368,13862,65
2327,369,14060,65
2328,37,7725,65
2329,370,14258,65
2330,371,14456,65
2331,372,14654,65
2332,373,14852,65
2333,374,15050,65
2334,375,15248,65
2335,376,15446,65
2336,377,15644,65
2337,378,15842,65
2338,379,16040,65
2339,38,7923,65
2340,380,16238,65
2341,381,16436,65
2342,382,16634,65
2343,383,16832,65
2344,384,17030,65
2345,385,17228,65
2346,386,17426,65
2347,387,17624,65
2348,388,17822,65
2349,389,18020,65
2350,39,8121,65
2351,390,18218,65
2352,391,18416,65
2353,392,18614,65
2354,393,18812,65
2355,394,19010,65
2356,395,19208,65
2357,396,19406,65
2358,397,19604,65
2359,398,19802,65
2360,399,20000,65
2361,4,1191,65
2362,40,8319,65
2363,400,400,65
2364,401,597,65
2365,402,795,65
2366,403,993,65
2367,404,1191,65
2368,405,1389,65
2369,406,1587,65
2370,407,1785,65
2371,408,1983,65
2372,409,2181,65
2373,41,8517,65
2374,410,2379,65
2375,411,2577,65
2376,412,2775,65
2377,413,2973,65
2378,414,3171,65
2379,415,3369,65
2380,416,3567,65
2381,417,3765,65
2382,418,3963,65
2383,419,4161,65
2384,42,8715,65
2385,420,4359,65
2386,421,4557,65
2387,422,4755,65
2388,423,4953,65
2389,424,5151,65
2390,425,5349,65
2391,426,5547,65
2392,427,5745,65
2393,428,5943,65
2394,429,6141,65
2395,43,8913,65
2396,430,6339,65
2397,431,6537,65
2398,432,6735,65
2399,433,6933,65
2400,434,7131,65
2401,435,7329,65
2402,436,7527,65
2403,437,7725,65
2404,438,7923,65
2405,439,8121,65
2406,44,9111,65
2407,440,8319,65
2408,441,8517,65
2409,442,8715,65
2410,443,8913,65
2411,444,9111,65
2412,445,9309,65
2413,446,9507,65
2414,447,9705,65
2415,448,9903,65
2416,449,10101,65
2417,45,9309,65
2418,450,10298,65
2419,451,10496,65
2420,452,10694,65
2421,453,10892,65
2422,454,11090,65
2423,455,11288,65
2424,456,11486,65
2425,457,11684,65
2426,458,11882,65
2427,459,12080,65
2428,46,9507,65
2429,460,12278,65
2430,461,12476,65
2431,462,12674,65
2432,463,12872,65
2433,464,13070,65
2434,465,13268,65
2435,466,13466,65
2436,467,13664,65
2437,468,13862,65
2438,469,14060,65
2439,47,9705,65
2440,470,14258,65
2441,471,14456,65
2442,472,14654,65
2443,473,14852,65
2444,474,15050,65
2445,475,15248,65
2446,476,15446,65
2447,477,15644,65
2448,478,15842,65
2449,479,16040,65
2450,48,9903,65
2451,480,16238,65
2452,481,16436,65
2453,482,16634,65
2454,483,16832,65
2455,484,17030,65
2456,485,17228,65
2457,486,17426,65
2458,487,17624,65
2459,488,17822,65
2460,489,18020,65
2461,49,10101,65
2462,490,18218,65
2463,491,18416,65
2464,492,18614,65
2465,493,18812,65
2466,494,19010,65
2467,495,19208,65
2468,496,19406,65
2469,497,19604,65
2470,498,19802,65
2471,499,20000,65
2472,5,1389,65
2473,50,10298,65
2474,500,400,65
2475,501,597,65
2476,502,795,65
2477,503,993,65
2478,504,1191,65
2479,505,1389,65
2480,506,1587,65
2481,507,1785,65
2482,508,1983,65
2483,509,2181,65
2484,51,10496,65
2485,510,2379,65
2486,511,2577,65
2487,512,2775,65
2488,513,2973,65
2489,514,3171,65
2490,515,3369,65
2491,516,3567,65
2492,517,3765,65
2493,518,3963,65
2494,519,4161,65
2495,52,10694,65
2496,520,4359,65
2497,521,4557,65
2498,522,4755,65
2499,523,4953,65
2500,524,5151,65
2501,525,5349,65
2502,526,5547,65
2503,527,5745,65
2504,528,5943,65
2505,529,6141,65
2506,53,10892,65
2507,530,6339,65
2508,531,6537,65
2509,532,6735,65
2510,533,6933,65
2511,534,7131,65
2512,535,7329,65
2513,536,7527,65
2514,537,7725,65
2515,538,7923,65
2516,539,8121,65
2517,54,11090,65
2518,540,8319,65
2519,541,8517,65
2520,542,8715,65
2521,543,8913,65
2522,544,9111,65
2523,545,9309,65
2524,546,9507,65
2525,547,9705,65
2526,548,9903,65
2527,549,10101,65
2528,55,11288,65
2529,550,10298,65
2530,551,10496,65
2531,552,10694,65
2532,553,10892,65
2533,554,11090,65
2534,555,11288,65
2535,556,11486,65
2536,557,11684,65
2537,558,11882,65
2538,559,12080,65
2539,56,11486,65
2540,560,12278,65
2541,561,12476,65
2542,562,12674,65
2543,563,12872,65
2544,564,13070,65
2545,565,13268,65
2546,566,13466,65
2547,567,13664,65
2548,568,13862,65
2549,569,14060,65
2550,57,11684,65
2551,570,14258,65
2552,571,14456,65
2553,572,14654,65
2554,573,14852,65
2555,574,15050,65
2556,575,15248,65
2557,576,15446,65
2558,577,15644,65
2559,578,15842,65
2560,579,16040,65
2561,58,11882,65
2562,580,16238,65
2563,581,16436,65
2564,582,16634,65
2565,583,16832,65
2566,584,17030,65
2567,585,17228,65
2568,586,17426,65
2569,587,17624,65
2570,588,17822,65
2571,589,18020,65
2572,59,12080,65
2573,590,18218,65
2574,591,18416,65
2575,592,18614,65
2576,593,18812,65
2577,594,19010,65
2578,595,19208,65
2579,596,19406,65
2580,597,19604,65
2581,598,19802,65
2582,599,20000,65
2583,6,1587,65
2584,60,12278,65
2585,600,400,65
2586,601,597,65
2587,602,795,65
2588,603,993,65
2589,604,1191,65
2590,605,1389,65
2591,606,1587,65
2592,607,1785,65
2593,608,1983,65
2594,609,2181,65
2595,61,12476,65
2596,610,2379,65
2597,611,2577,65
2598,612,2775,65
2599,613,2973,65
2600,614,3171,65
2601,615,3369,65
2602,616,3567,65
2603,617,3765,65
2604,618,3963,65
2605,619,4161,65
2606,62,12674,65
2607,620,4359,65
2608,621,4557,65
2609,622,4755,65
2610,623,4953,65
2611,624,5151,65
2612,625,5349,65
2613,626,5547,65
2614,627,5745,65
2615,628,5943,65
2616,629,6141,65
2617,63,12872,65
2618,630,6339,65
2619,631,6537,65
2620,632,6735,65
2621,633,6933,65
2622,634,7131,65
2623,635,7329,65
2624,636,7527,65
2625,637,7725,65
2626,638,7923,65
2627,639,8121,65
2628,64,13070,65
2629,640,8319,65
2630,641,8517,65
2631,642,8715,65
2632,643,8913,65
2633,644,9111,65
2634,645,9309,65
2635,646,9507,65
2636,647,9705,65
2637,648,9903,65
2638,649,10101,65
2639,65,13268,65
2640,650,10298,65
2641,651,10496,65
2642,652,10694,65
2643,653,10892,65
2644,654,11090,65
2645,655,11288,65
2646,656,11486,65
2647,657,11684,65
2648,658,11882,65
2649,659,12080,65
2650,66,13466,65
2651,660,12278,65
2652,661,12476,65
2653,662,12674,65
2654,663,12872,65
2655,664,13070,65
2656,665,13268,65
2657,666,13466,65
2658,667,13664,65
2659,668,13862,65
2660,669,14060,65
2661,67,13664,65
2662,670,14258,65
2663,671,14456,65
2664,672,14654,65
2665,673,14852,65
2666,674,15050,65
2667,675,15248,65
2668,676,15446,65
2669,677,15644,65
2670,678,15842,65
2671,679,16040,65
2672,68,13862,65
2673,680,16238,65
2674,681,16436,65
2675,682,16634,65
2676,683,16832,65
2677,684,17030,65
2678,685,17228,65
2679,686,17426,65
2680,687,17624,65
2681,688,17822,65
2682,689,18020,65
2683,69,14060,65
2684,690,18218,65
2685,691,18416,65
2686,692,18614,65
2687,693,18812,65
2688,694,19010,65
2689,695,19208,65
2690,696,19406,65
2691,697,19604,65
2692,698,19802,65
2693,699,20000,65
2694,7,1785,65
2695,70,14258,65
2696,700,400,65
2697,701,597,65
2698,702,795,65
2699,703,993,65
2700,704,1191,65
2701,705,1389,65
2702,706,1587,65
2703,707,1785,65
2704,708,1983,65
2705,709,2181,65
2706,71,14456,65
2707,710,2379,65
2708,711,2577,65
2709,712,2775,65
2710,713,2973,65
2711,714,3171,65
2712,715,3369,65
2713,716,3567,65
2714,717,3765,65
2715,718,3963,65
2716,719,4161,65
2717,72,14654,65
2718,720,4359,65
2719,721,4557,65
2720,722,4755,65
2721,723,4953,65
2722,724,5151,65
2723,725,5349,65
2724,726,5547,65
2725,727,5745,65
2726,728,5943,65
2727,729,6141,65
2728,73,14852,65
2729,730,6339,65
2730,731,6537,65
2731,732,6735,65
2732,733,6933,65
2733,734,7131,65
2734,735,7329,65
2735,736,7527,65
2736,737,7725,65
2737,738,7923,65
2738,739,8121,65
2739,74,15050,65
2740,740,8319,65
2741,741,8517,65
2742,742,8715,65
2743,743,8913,65
2744,744,9111,65
2745,745,9309,65
2746,746,9507,65
2747,747,9705,65
2748,748,9903,65
2749,749,10101,65
2750,75,15248,65
2751,750,10298,65
2752,751,10496,65
2753,752,10694,65
2754,753,10892,65
2755,754,11090,65
2756,755,11288,65
2757,756,11486,65
2758,757,11684,65
2759,758,11882,65
2760,759,12080,65
2761,76,15446,65
2762,760,12278,65
2763,761,12476,65
2764,762,12674,65
2765,763,12872,65
2766,764,13070,65
2767,765,13268,65
2768,766,13466,65
2769,767,13664,65
2770,768,13862,65
2771,769,14060,65
2772,77,15644,65
2773,770,14258,65
2774,771,14456,65
2775,772,14654,65
2776,773,14852,65
2777,774,15050,65
2778,775,15248,65
2779,776,15446,65
2780,777,15644,65
2781,778,15842,65
2782,779,16040,65
2783,78,15842,65
2784,780,16238,65
2785,781,16436,65
2786,782,16634,65
2787,783,16832,65
2788,784,17030,65
2789,785,17228,65
2790,786,17426,65
2791,787,17624,65
2792,788,17822,65
2793,789,18020,65
2794,79,16040,65
2795,790,18218,65
2796,791,18416,65
2797,792,18614,65
2798,793,18812,65
2799,794,19010,65
2800,795,19208,65
2801,796,19406,65
2802,797,19604,65
2803,798,19802,65
2804,799,20000,65
2805,8,1983,65
2806,80,16238,65
2807,800,400,65
2808,801,597,65
2809,802,795,65
2810,803,993,65
2811,804,1191,65
2812,805,1389,65
2813,806,1587,65
2814,807,1785,65
2815,808,1983,65
2816,809,2181,65
2817,81,16436,65
2818,810,2379,65
2819,811,2577,65
2820,812,2775,65
2821,813,2973,65
2822,814,3171,65
2823,815,3369,65
2824,816,3567,65
2825,817,3765,65
2826,818,3963,65
2827,819,4161,65
2828,82,16634,65
2829,820,4359,65
2830,821,4557,65
2831,822,4755,65
2832,823,4953,65
2833,824,5151,65
2834,825,5349,65
2835,826,5547,65
2836,827,5745,65
2837,828,5943,65
2838,829,6141,65
2839,83,16832,65
2840,830,6339,65
2841,831,6537,65
2842,832,6735,65
2843,833,6933,65
2844,834,7131,65
2845,835,7329,65
2846,836,7527,65
2847,837,7725,65
2848,838,7923,65
2849,839,8121,65
2850,84,17030,65
2851,840,8319,65
2852,841,8517,65
2853,842,8715,65
2854,843,8913,65
2855,844,9111,65
2856,845,9309,65
2857,846,9507,65
2858,847,9705,65
2859,848,9903,65
2860,849,10101,65
2861,85,17228,65
2862,850,10298,65
2863,851,10496,65
2864,852,10694,65
2865,853,10892,65
2866,854,11090,65
2867,855,11288,65
2868,856,11486,65
2869,857,11684,65
2870,858,11882,65
2871,859,12080,65
2872,86,17426,65
2873,860,12278,65
2874,861,12476,65
2875,862,12674,65
2876,863,12872,65
2877,864,13070,65
2878,865,13268,65
2879,866,13466,65
2880,867,13664,65
2881,868,13862,65
2882,869,14060,65
2883,87,17624,65
2884,870,14258,65
2885,871,14456,65
2886,872,14654,65
2887,873,14852,65
2888,874,15050,65
2889,875,15248,65
2890,876,15446,65
2891,877,15644,65
2892,878,15842,65
2893,879,16040,65
2894,88,17822,65
2895,880,16238,65
2896,881,16436,65
2897,882,16634,65
2898,883,16832,65
2899,884,17030,65
2900,885,17228,65
2901,886,17426,65
2902,887,17624,65
2903,888,17822,65
2904,889,18020,65
2905,89,18020,65
2906,890,18218,65
2907,891,18416,65
2908,892,18614,65
2909,893,18812,65
2910,894,19010,65
2911,895,19208,65
2912,896,19406,65
2913,897,19604,65
2914,898,19802,65
2915,899,20000,65
2916,9,2181,65
2917,90,18218,65
2918,900,400,65
2919,901,597,65
2920,902,795,65
2921,903,993,65
2922,904,1191,65
2923,905,1389,65
2924,906,1587,65
2925,907,1785,65
2926,908,1983,65
2927,909,2181,65
2928,91,18416,65
2929,910,2379,65
2930,911,2577,65
2931,912,2775,65
2932,913,2973,65
2933,914,3171,65
2934,915,3369,65
2935,916,3567,65
2936,917,3765,65
2937,918,3963,65
2938,919,4161,65
2939,92,18614,65
2940,920,4359,65
2941,921,4557,65
2942,922,4755,65
2943,923,4953,65
2944,924,5151,65
2945,925,5349,65
2946,926,5547,65
2947,927,5745,65
2948,928,5943,65
2949,929,6141,65
2950,93,18812,65
2951,930,6339,65
2952,931,6537,65
2953,932,6735,65
2954,933,6933,65
2955,934,7131,65
2956,935,7329,65
2957,936,7527,65
2958,937,7725,65
2959,938,7923,65
2960,939,8121,65
2961,94,19010,65
2962,940,8319,65
2963,941,8517,65
2964,942,8715,65
2965,943,8913,65
2966,944,9111,65
2967,945,9309,65
2968,946,9507,65
2969,947,9705,65
2970,948,9903,65
2971,949,10101,65
2972,95,19208,65
2973,950,10298,65
2974,951,10496,65
2975,952,10694,65
2976,953,10892,65
2977,954,11090,65
2978,955,11288,65
2979,956,11486,65
2980,957,11684,65
2981,958,11882,65
2982,959,12080,65
2983,96,19406,65
2984,960,12278,65
2985,961,12476,65
2986,962,12674,65
2987,963,12872,65
2988,964,13070,65
2989,965,13268,65
2990,966,13466,65
2991,967,13664,65
2992,968,13862,65
2993,969,14060,65
2994,97,19604,65
2995,970,14258,65
2996,971,14456,65
2997,972,14654,65
2998,973,14852,65
2999,974,15050,65
3000,975,15248,65
3001,976,15446,65
3002,977,15644,65
3003,978,15842,65
3004,979,16040,65
3005,98,19802,65
3006,980,16238,65
3007,981,16436,65
3008,982,16634,65
3009,983,16832,65
3010,984,17030,65
3011,985,17228,65
3012,986,17426,65
3013,987,17624,65
3014,988,17822,65
3015,989,18020,65
3016,99,20000,65
3017,990,18218,65
3018,991,18416,65
3019,992,18614,65
3020,993,18812,65
3021,994,19010,65
3022,995,19208,65
3023,996,19406,65
3024,997,19604,65
3025,998,19802,65
3026,999,20000,65
